AS-IU13WAN,"asn" = '14773' OR "asn" = '31763' OR "asn" = '32554' OR "asn" = '36228' OR "asn" = '3783' OR "asn" = '394781' OR "asn" = '395182' OR "asn" = '395631' OR "asn" = '397459' OR "asn" = '398574' OR "asn" = '398894' OR "asn" = '40674' OR "asn" = '46362'
AS-ZITOMEDIA,"asn" = '26801' OR "asn" = '1246' OR "asn" = '1643' OR "asn" = '6645' OR "asn" = '7816' OR "asn" = '11059' OR "asn" = '11558' OR "asn" = '13394' OR "asn" = '14369' OR "asn" = '14438' OR "asn" = '15230' OR "asn" = '15322' OR "asn" = '16478' OR "asn" = '17177' OR "asn" = '19912' OR "asn" = '20031' OR "asn" = '20167' OR "asn" = '20320' OR "asn" = '20392' OR "asn" = '21707' OR "asn" = '22342' OR "asn" = '26126' OR "asn" = '26181' OR "asn" = '26365' OR "asn" = '27187' OR "asn" = '27290' OR "asn" = '27507' OR "asn" = '29701' OR "asn" = '30405' OR "asn" = '32162' OR "asn" = '32554' OR "asn" = '32556' OR "asn" = '32930' OR "asn" = '33154' OR "asn" = '36253' OR "asn" = '39942' OR "asn" = '46356' OR "asn" = '47044' OR "asn" = '53374' OR "asn" = '53718' OR "asn" = '55084' OR "asn" = '394305' OR "asn" = '395333' OR "asn" = '395821' OR "asn" = '396226' OR "asn" = '396268' OR "asn" = '397331' OR "asn" = '397365' OR "asn" = '397427' OR "asn" = '397606' OR "asn" = '397737' OR "asn" = '398496' OR "asn" = '398945' OR "asn" = '399238'
AS-46450,"asn" = '11168' OR "asn" = '11255' OR "asn" = '11339' OR "asn" = '11358' OR "asn" = '12167' OR "asn" = '12996' OR "asn" = '13416' OR "asn" = '13482' OR "asn" = '13855' OR "asn" = '139470' OR "asn" = '14721' OR "asn" = '14879' OR "asn" = '14887' OR "asn" = '1622' OR "asn" = '16427' OR "asn" = '17313' OR "asn" = '18551' OR "asn" = '18827' OR "asn" = '18888' OR "asn" = '19189' OR "asn" = '19596' OR "asn" = '19624' OR "asn" = '20000' OR "asn" = '200313' OR "asn" = '200430' OR "asn" = '202595' OR "asn" = '20298' OR "asn" = '203107' OR "asn" = '204154' OR "asn" = '206614' OR "asn" = '206628' OR "asn" = '206980' OR "asn" = '207461' OR "asn" = '213119' OR "asn" = '213730' OR "asn" = '21504' OR "asn" = '21751' OR "asn" = '22336' OR "asn" = '22418' OR "asn" = '22594' OR "asn" = '23422' OR "asn" = '25788' OR "asn" = '25844' OR "asn" = '26057' OR "asn" = '26065' OR "asn" = '26804' OR "asn" = '27220' OR "asn" = '27228' OR "asn" = '27561' OR "asn" = '27611' OR "asn" = '27647' OR "asn" = '29852' OR "asn" = '29990' OR "asn" = '30038' OR "asn" = '30489' OR "asn" = '30498' OR "asn" = '30541' OR "asn" = '30593' OR "asn" = '31797' OR "asn" = '31858' OR "asn" = '32128' OR "asn" = '32172' OR "asn" = '32396' OR "asn" = '33001' OR "asn" = '33029' OR "asn" = '33065' OR "asn" = '33706' OR "asn" = '34553' OR "asn" = '3573' OR "asn" = '36061' OR "asn" = '36466' OR "asn" = '36585' OR "asn" = '38073' OR "asn" = '38994' OR "asn" = '393514' OR "asn" = '394262' OR "asn" = '394458' OR "asn" = '394643' OR "asn" = '394735' OR "asn" = '394973' OR "asn" = '394977' OR "asn" = '395181' OR "asn" = '395532' OR "asn" = '395558' OR "asn" = '395580' OR "asn" = '395732' OR "asn" = '395822' OR "asn" = '395839' OR "asn" = '395853' OR "asn" = '395977' OR "asn" = '396202' OR "asn" = '396534' OR "asn" = '396884' OR "asn" = '396887' OR "asn" = '397109' OR "asn" = '397143' OR "asn" = '397164' OR "asn" = '397263' OR "asn" = '397364' OR "asn" = '397444' OR "asn" = '397790' OR "asn" = '397796' OR "asn" = '398195' OR "asn" = '398263' OR "asn" = '398369' OR "asn" = '398373' OR "asn" = '398542' OR "asn" = '398816' OR "asn" = '399205' OR "asn" = '399208' OR "asn" = '400080' OR "asn" = '400132' OR "asn" = '400528' OR "asn" = '40114' OR "asn" = '401200' OR "asn" = '401205' OR "asn" = '401390' OR "asn" = '40773' OR "asn" = '46124' OR "asn" = '46323' OR "asn" = '46346' OR "asn" = '46394' OR "asn" = '46450' OR "asn" = '46610' OR "asn" = '46723' OR "asn" = '46940' OR "asn" = '4904' OR "asn" = '50079' OR "asn" = '53382' OR "asn" = '53988' OR "asn" = '54186' OR "asn" = '54210' OR "asn" = '54421' OR "asn" = '54897' OR "asn" = '55079' OR "asn" = '55123' OR "asn" = '62538' OR "asn" = '62710' OR "asn" = '62813' OR "asn" = '62861' OR "asn" = '63080' OR "asn" = '63405' OR "asn" = '64253' OR "asn" = '64277' OR "asn" = '6586' OR "asn" = '7046' OR "asn" = '7363' OR "asn" = '8029'
AS-ADAMS,"asn" = '14928'
AS-AMAZON,"asn" = '10124' OR "asn" = '133504' OR "asn" = '13527' OR "asn" = '13646' OR "asn" = '13847' OR "asn" = '139216' OR "asn" = '14061' OR "asn" = '14490' OR "asn" = '14600' OR "asn" = '14618' OR "asn" = '14663' OR "asn" = '147295' OR "asn" = '14782' OR "asn" = '149172' OR "asn" = '151332' OR "asn" = '152668' OR "asn" = '152744' OR "asn" = '152878' OR "asn" = '152922' OR "asn" = '153594' OR "asn" = '153661' OR "asn" = '16238' OR "asn" = '16509' OR "asn" = '16880' OR "asn" = '17493' OR "asn" = '188' OR "asn" = '18956' OR "asn" = '19047' OR "asn" = '19198' OR "asn" = '19401' OR "asn" = '197014' OR "asn" = '19814' OR "asn" = '198316' OR "asn" = '19879' OR "asn" = '198812' OR "asn" = '199177' OR "asn" = '199873' OR "asn" = '200227' OR "asn" = '202340' OR "asn" = '205013' OR "asn" = '205023' OR "asn" = '205059' OR "asn" = '205183' OR "asn" = '208681' OR "asn" = '208698' OR "asn" = '209650' OR "asn" = '209710' OR "asn" = '209975' OR "asn" = '211275' OR "asn" = '212173' OR "asn" = '21239' OR "asn" = '212935' OR "asn" = '213151' OR "asn" = '213560' OR "asn" = '213635' OR "asn" = '213767' OR "asn" = '213811' OR "asn" = '214128' OR "asn" = '214160' OR "asn" = '214166' OR "asn" = '214368' OR "asn" = '214393' OR "asn" = '214420' OR "asn" = '214618' OR "asn" = '214672' OR "asn" = '214702' OR "asn" = '215150' OR "asn" = '215177' OR "asn" = '215343' OR "asn" = '215492' OR "asn" = '215605' OR "asn" = '215913' OR "asn" = '216041' OR "asn" = '216096' OR "asn" = '216107' OR "asn" = '216178' OR "asn" = '216294' OR "asn" = '216304' OR "asn" = '216364' OR "asn" = '216425' OR "asn" = '21664' OR "asn" = '22348' OR "asn" = '22789' OR "asn" = '23280' OR "asn" = '25048' OR "asn" = '26341' OR "asn" = '26737' OR "asn" = '26982' OR "asn" = '27313' OR "asn" = '27317' OR "asn" = '27613' OR "asn" = '31688' OR "asn" = '32764' OR "asn" = '32983' OR "asn" = '36262' OR "asn" = '38895' OR "asn" = '39111' OR "asn" = '39592' OR "asn" = '397994' OR "asn" = '398257' OR "asn" = '398328' OR "asn" = '398378' OR "asn" = '398542' OR "asn" = '399272' OR "asn" = '399358' OR "asn" = '399666' OR "asn" = '399805' OR "asn" = '40045' OR "asn" = '400688' OR "asn" = '400861' OR "asn" = '400928' OR "asn" = '400944' OR "asn" = '400989' OR "asn" = '401041' OR "asn" = '401106' OR "asn" = '401305' OR "asn" = '401385' OR "asn" = '401395' OR "asn" = '401416' OR "asn" = '401493' OR "asn" = '401587' OR "asn" = '401654' OR "asn" = '401820' OR "asn" = '401921' OR "asn" = '401925' OR "asn" = '402026' OR "asn" = '40818' OR "asn" = '43090' OR "asn" = '44196' OR "asn" = '46489' OR "asn" = '48700' OR "asn" = '49030' OR "asn" = '51019' OR "asn" = '51844' OR "asn" = '54218' OR "asn" = '546' OR "asn" = '54918' OR "asn" = '54920' OR "asn" = '54981' OR "asn" = '55108' OR "asn" = '60044' OR "asn" = '60900' OR "asn" = '61162' OR "asn" = '62785' OR "asn" = '63046' OR "asn" = '63232' OR "asn" = '64269' OR "asn" = '7224' OR "asn" = '801' OR "asn" = '8011' OR "asn" = '897' OR "asn" = '8987' OR "asn" = '9059'
AS-APPLE,"asn" = '6185' OR "asn" = '714'
AS-GOOGLE,"asn" = '11344' OR "asn" = '139070' OR "asn" = '139190' OR "asn" = '13949' OR "asn" = '15169' OR "asn" = '15276' OR "asn" = '19425' OR "asn" = '19527' OR "asn" = '22577' OR "asn" = '24424' OR "asn" = '26684' OR "asn" = '26910' OR "asn" = '32381' OR "asn" = '36039' OR "asn" = '36040' OR "asn" = '36383' OR "asn" = '36384' OR "asn" = '36385' OR "asn" = '36411' OR "asn" = '36492' OR "asn" = '36520' OR "asn" = '36561' OR "asn" = '394089' OR "asn" = '394699' OR "asn" = '394725' OR "asn" = '395973' OR "asn" = '396982' OR "asn" = '40873' OR "asn" = '41264' OR "asn" = '43515' OR "asn" = '45566' OR "asn" = '55023' OR "asn" = '6432'
AS-IQNT,"asn" = '11774' OR "asn" = '1347' OR "asn" = '14161' OR "asn" = '14929' OR "asn" = '15219' OR "asn" = '200069' OR "asn" = '30268' OR "asn" = '30685' OR "asn" = '33455' OR "asn" = '396479' OR "asn" = '40160' OR "asn" = '46303' OR "asn" = '5006' OR "asn" = '55153' OR "asn" = '5715'
AS-KINBER,"asn" = '10448' OR "asn" = '11153' OR "asn" = '11395' OR "asn" = '14369' OR "asn" = '14877' OR "asn" = '16498' OR "asn" = '16794' OR "asn" = '17177' OR "asn" = '19176' OR "asn" = '19395' OR "asn" = '22192' OR "asn" = '22198' OR "asn" = '22500' OR "asn" = '22579' OR "asn" = '22644' OR "asn" = '22841' OR "asn" = '23041' OR "asn" = '23193' OR "asn" = '26126' OR "asn" = '26699' OR "asn" = '29848' OR "asn" = '29899' OR "asn" = '30231' OR "asn" = '31746' OR "asn" = '32278' OR "asn" = '32744' OR "asn" = '32876' OR "asn" = '33485' OR "asn" = '36269' OR "asn" = '393819' OR "asn" = '394170' OR "asn" = '394236' OR "asn" = '394523' OR "asn" = '394962' OR "asn" = '395211' OR "asn" = '395333' OR "asn" = '395448' OR "asn" = '395589' OR "asn" = '396459' OR "asn" = '396842' OR "asn" = '397331' OR "asn" = '397427' OR "asn" = '397913' OR "asn" = '398471' OR "asn" = '398537' OR "asn" = '398564' OR "asn" = '398573' OR "asn" = '398643' OR "asn" = '398655' OR "asn" = '398663' OR "asn" = '398774' OR "asn" = '398813' OR "asn" = '398850' OR "asn" = '3999' OR "asn" = '40001' OR "asn" = '40591' OR "asn" = '4172' OR "asn" = '46400' OR "asn" = '53577' OR "asn" = '53684' OR "asn" = '54862' OR "asn" = '62984' OR "asn" = '62989' OR "asn" = '63154' OR "asn" = '64286' OR "asn" = '6522' OR "asn" = '65429' OR "asn" = '7150' OR "asn" = '8122' OR "asn" = '9'
AS-MCIU,"asn" = ''
AS-MICROSOFT,"asn" = '3598' OR "asn" = '5761' OR "asn" = '58593' OR "asn" = '62540' OR "asn" = '8068' OR "asn" = '8069' OR "asn" = '8070' OR "asn" = '8075' OR "asn" = '8812'
AS-MTMACCESS,"asn" = '10397' OR "asn" = '11155' OR "asn" = '11297' OR "asn" = '13631' OR "asn" = '13821' OR "asn" = '14163' OR "asn" = '14288' OR "asn" = '14354' OR "asn" = '14902' OR "asn" = '15171' OR "asn" = '1640' OR "asn" = '16715' OR "asn" = '16837' OR "asn" = '19215' OR "asn" = '198701' OR "asn" = '21' OR "asn" = '22840' OR "asn" = '22934' OR "asn" = '25645' OR "asn" = '25844' OR "asn" = '264339' OR "asn" = '26624' OR "asn" = '27179' OR "asn" = '27243' OR "asn" = '29888' OR "asn" = '29890' OR "asn" = '31821' OR "asn" = '32062' OR "asn" = '32732' OR "asn" = '33059' OR "asn" = '33282' OR "asn" = '35885' OR "asn" = '36011' OR "asn" = '39107' OR "asn" = '393925' OR "asn" = '394107' OR "asn" = '395137' OR "asn" = '395480' OR "asn" = '396305' OR "asn" = '396371' OR "asn" = '396956' OR "asn" = '397099' OR "asn" = '397391' OR "asn" = '398191' OR "asn" = '398202' OR "asn" = '398232' OR "asn" = '398446' OR "asn" = '398468' OR "asn" = '398719' OR "asn" = '398913' OR "asn" = '399007' OR "asn" = '399060' OR "asn" = '399119' OR "asn" = '399268' OR "asn" = '399468' OR "asn" = '399589' OR "asn" = '399872' OR "asn" = '400268' OR "asn" = '400404' OR "asn" = '400480' OR "asn" = '400614' OR "asn" = '400851' OR "asn" = '401674' OR "asn" = '40951' OR "asn" = '46664' OR "asn" = '51747' OR "asn" = '54523' OR "asn" = '54778' OR "asn" = '54822' OR "asn" = '54896' OR "asn" = '6199' OR "asn" = '62735' OR "asn" = '62833' OR "asn" = '63267' OR "asn" = '63448'
AS-NETSKOPE,"asn" = '55256'
AS-NFLX,"asn" = '2906' OR "asn" = '40027' OR "asn" = '55095'
AS-NJEDGE,"asn" = '11094' OR "asn" = '16889' OR "asn" = '18711' OR "asn" = '18794' OR "asn" = '205' OR "asn" = '21976' OR "asn" = '22721' OR "asn" = '32450' OR "asn" = '32993' OR "asn" = '33523' OR "asn" = '394761' OR "asn" = '395987' OR "asn" = '401456' OR "asn" = '40267' OR "asn" = '40591' OR "asn" = '4246' OR "asn" = '46' OR "asn" = '62532' OR "asn" = '63319' OR "asn" = '88'
AS-NORDUNET,"asn" = '10265' OR "asn" = '10786' OR "asn" = '10965' OR "asn" = '10972' OR "asn" = '1101' OR "asn" = '1102' OR "asn" = '1103' OR "asn" = '11032' OR "asn" = '1104' OR "asn" = '1109' OR "asn" = '1110' OR "asn" = '11105' OR "asn" = '1111' OR "asn" = '1112' OR "asn" = '1113' OR "asn" = '1114' OR "asn" = '1115' OR "asn" = '1116' OR "asn" = '11164' OR "asn" = '1117' OR "asn" = '1118' OR "asn" = '112' OR "asn" = '1120' OR "asn" = '1122' OR "asn" = '1123' OR "asn" = '1124' OR "asn" = '1125' OR "asn" = '11257' OR "asn" = '1128' OR "asn" = '1133' OR "asn" = '1139' OR "asn" = '1140' OR "asn" = '1145' OR "asn" = '1147' OR "asn" = '11489' OR "asn" = '1149' OR "asn" = '1150' OR "asn" = '11507' OR "asn" = '1152' OR "asn" = '1161' OR "asn" = '1162' OR "asn" = '11628' OR "asn" = '11700' OR "asn" = '11703' OR "asn" = '11851' OR "asn" = '1199' OR "asn" = '12' OR "asn" = '1200' OR "asn" = '12046' OR "asn" = '1205' OR "asn" = '12093' OR "asn" = '1213' OR "asn" = '12303' OR "asn" = '12315' OR "asn" = '12324' OR "asn" = '12356' OR "asn" = '12364' OR "asn" = '12384' OR "asn" = '12402' OR "asn" = '12423' OR "asn" = '12464' OR "asn" = '12643' OR "asn" = '12654' OR "asn" = '12675' OR "asn" = '12687' OR "asn" = '12724' OR "asn" = '12762' OR "asn" = '12770' OR "asn" = '12777' OR "asn" = '12812' OR "asn" = '12816' OR "asn" = '12828' OR "asn" = '12833' OR "asn" = '1288' OR "asn" = '12908' OR "asn" = '12925' OR "asn" = '12938' OR "asn" = '1297' OR "asn" = '12991' OR "asn" = '12999' OR "asn" = '1300' OR "asn" = '1303' OR "asn" = '13032' OR "asn" = '1304' OR "asn" = '13040' OR "asn" = '13041' OR "asn" = '13042' OR "asn" = '1307' OR "asn" = '13077' OR "asn" = '13092' OR "asn" = '13102' OR "asn" = '13119' OR "asn" = '13171' OR "asn" = '13210' OR "asn" = '13242' OR "asn" = '13303' OR "asn" = '13308' OR "asn" = '133084' OR "asn" = '13552' OR "asn" = '13608' OR "asn" = '137' OR "asn" = '13733' OR "asn" = '13764' OR "asn" = '13864' OR "asn" = '13942' OR "asn" = '14426' OR "asn" = '14500' OR "asn" = '14650' OR "asn" = '14661' OR "asn" = '15158' OR "asn" = '15296' OR "asn" = '15318' OR "asn" = '15373' OR "asn" = '15383' OR "asn" = '15474' OR "asn" = '15488' OR "asn" = '15496' OR "asn" = '15536' OR "asn" = '15606' OR "asn" = '15630' OR "asn" = '15633' OR "asn" = '15655' OR "asn" = '15665' OR "asn" = '15690' OR "asn" = '15742' OR "asn" = '15770' OR "asn" = '15798' OR "asn" = '15843' OR "asn" = '15892' OR "asn" = '15913' OR "asn" = '15948' OR "asn" = '15980' OR "asn" = '16004' OR "asn" = '16099' OR "asn" = '16120' OR "asn" = '16220' OR "asn" = '16251' OR "asn" = '16263' OR "asn" = '16314' OR "asn" = '16326' OR "asn" = '16462' OR "asn" = '16475' OR "asn" = '1653' OR "asn" = '1654' OR "asn" = '16569' OR "asn" = '16580' OR "asn" = '16623' OR "asn" = '16796' OR "asn" = '17001' OR "asn" = '1712' OR "asn" = '17120' OR "asn" = '1715' OR "asn" = '1717' OR "asn" = '1724' OR "asn" = '1725' OR "asn" = '1726' OR "asn" = '1739' OR "asn" = '1741' OR "asn" = '1754' OR "asn" = '1755' OR "asn" = '1776' OR "asn" = '1835' OR "asn" = '1837' OR "asn" = '18472' OR "asn" = '1853' OR "asn" = '18621' OR "asn" = '1876' OR "asn" = '1877' OR "asn" = '1878' OR "asn" = '1880' OR "asn" = '1881' OR "asn" = '1882' OR "asn" = '1883' OR "asn" = '1887' OR "asn" = '1888' OR "asn" = '19166' OR "asn" = '1921' OR "asn" = '1922' OR "asn" = '1926' OR "asn" = '19281' OR "asn" = '1930' OR "asn" = '1935' OR "asn" = '19350' OR "asn" = '1936' OR "asn" = '1937' OR "asn" = '1938' OR "asn" = '1939' OR "asn" = '1940' OR "asn" = '1941' OR "asn" = '1942' OR "asn" = '19423' OR "asn" = '1943' OR "asn" = '1944' OR "asn" = '1945' OR "asn" = '1948' OR "asn" = '1951' OR "asn" = '1955' OR "asn" = '19620' OR "asn" = '1967' OR "asn" = '196722' OR "asn" = '196802' OR "asn" = '196887' OR "asn" = '196902' OR "asn" = '196948' OR "asn" = '196957' OR "asn" = '197000' OR "asn" = '197005' OR "asn" = '197277' OR "asn" = '19737' OR "asn" = '197440' OR "asn" = '197451' OR "asn" = '197467' OR "asn" = '197522' OR "asn" = '197552' OR "asn" = '19764' OR "asn" = '197768' OR "asn" = '197829' OR "asn" = '197905' OR "asn" = '197982' OR "asn" = '197997' OR "asn" = '198093' OR "asn" = '198096' OR "asn" = '198222' OR "asn" = '198336' OR "asn" = '198455' OR "asn" = '198499' OR "asn" = '198500' OR "asn" = '198522' OR "asn" = '198559' OR "asn" = '198743' OR "asn" = '19875' OR "asn" = '198794' OR "asn" = '198853' OR "asn" = '198863' OR "asn" = '198864' OR "asn" = '198878' OR "asn" = '199028' OR "asn" = '199131' OR "asn" = '199155' OR "asn" = '199207' OR "asn" = '19925' OR "asn" = '199279' OR "asn" = '199342' OR "asn" = '199351' OR "asn" = '199399' OR "asn" = '199513' OR "asn" = '199561' OR "asn" = '199578' OR "asn" = '199584' OR "asn" = '199604' OR "asn" = '199670' OR "asn" = '199697' OR "asn" = '199711' OR "asn" = '199713' OR "asn" = '199839' OR "asn" = '199936' OR "asn" = '199993' OR "asn" = '200070' OR "asn" = '200233' OR "asn" = '200259' OR "asn" = '200309' OR "asn" = '200323' OR "asn" = '200375' OR "asn" = '200521' OR "asn" = '200611' OR "asn" = '200670' OR "asn" = '200679' OR "asn" = '200686' OR "asn" = '200693' OR "asn" = '200874' OR "asn" = '200943' OR "asn" = '201125' OR "asn" = '2012' OR "asn" = '201209' OR "asn" = '201261' OR "asn" = '201305' OR "asn" = '201366' OR "asn" = '201374' OR "asn" = '20144' OR "asn" = '201612' OR "asn" = '201617' OR "asn" = '201648' OR "asn" = '201659' OR "asn" = '201773' OR "asn" = '201816' OR "asn" = '201842' OR "asn" = '201965' OR "asn" = '202121' OR "asn" = '202123' OR "asn" = '202321' OR "asn" = '202575' OR "asn" = '202640' OR "asn" = '202748' OR "asn" = '202874' OR "asn" = '202943' OR "asn" = '203008' OR "asn" = '203130' OR "asn" = '203148' OR "asn" = '203311' OR "asn" = '203338' OR "asn" = '203348' OR "asn" = '203457' OR "asn" = '2036' OR "asn" = '203768' OR "asn" = '203769' OR "asn" = '204039' OR "asn" = '204288' OR "asn" = '204437' OR "asn" = '204486' OR "asn" = '204619' OR "asn" = '204680' OR "asn" = '204772' OR "asn" = '204793' OR "asn" = '204879' OR "asn" = '205046' OR "asn" = '20507' OR "asn" = '20513' OR "asn" = '205218' OR "asn" = '205267' OR "asn" = '20537' OR "asn" = '20549' OR "asn" = '20555' OR "asn" = '205580' OR "asn" = '205656' OR "asn" = '205706' OR "asn" = '205782' OR "asn" = '20588' OR "asn" = '2060' OR "asn" = '206006' OR "asn" = '206021' OR "asn" = '206130' OR "asn" = '20633' OR "asn" = '206337' OR "asn" = '206458' OR "asn" = '206490' OR "asn" = '2065' OR "asn" = '206571' OR "asn" = '20660' OR "asn" = '2067' OR "asn" = '206802' OR "asn" = '206887' OR "asn" = '20697' OR "asn" = '207012' OR "asn" = '207039' OR "asn" = '207129' OR "asn" = '207131' OR "asn" = '207186' OR "asn" = '2072' OR "asn" = '207204' OR "asn" = '207238' OR "asn" = '207246' OR "asn" = '207263' OR "asn" = '207282' OR "asn" = '207352' OR "asn" = '207373' OR "asn" = '20745' OR "asn" = '207562' OR "asn" = '207574' OR "asn" = '207592' OR "asn" = '207611' OR "asn" = '207653' OR "asn" = '207750' OR "asn" = '207930' OR "asn" = '207931' OR "asn" = '207969' OR "asn" = '208092' OR "asn" = '208093' OR "asn" = '20813' OR "asn" = '208168' OR "asn" = '208178' OR "asn" = '20820' OR "asn" = '208283' OR "asn" = '208338' OR "asn" = '208366' OR "asn" = '208441' OR "asn" = '2085' OR "asn" = '208597' OR "asn" = '208725' OR "asn" = '208740' OR "asn" = '2088' OR "asn" = '2089' OR "asn" = '208903' OR "asn" = '209136' OR "asn" = '209198' OR "asn" = '209226' OR "asn" = '209237' OR "asn" = '209291' OR "asn" = '209314' OR "asn" = '209335' OR "asn" = '2094' OR "asn" = '20940' OR "asn" = '20943' OR "asn" = '209499' OR "asn" = '20955' OR "asn" = '209631' OR "asn" = '209698' OR "asn" = '209725' OR "asn" = '209958' OR "asn" = '210017' OR "asn" = '210158' OR "asn" = '210227' OR "asn" = '210276' OR "asn" = '2103' OR "asn" = '210318' OR "asn" = '210358' OR "asn" = '210367' OR "asn" = '210482' OR "asn" = '210498' OR "asn" = '210543' OR "asn" = '210690' OR "asn" = '2107' OR "asn" = '210731' OR "asn" = '2108' OR "asn" = '210890' OR "asn" = '210987' OR "asn" = '211013' OR "asn" = '211018' OR "asn" = '211067' OR "asn" = '211089' OR "asn" = '211184' OR "asn" = '211218' OR "asn" = '211249' OR "asn" = '211398' OR "asn" = '2114' OR "asn" = '211683' OR "asn" = '2117' OR "asn" = '211775' OR "asn" = '211817' OR "asn" = '21182' OR "asn" = '211999' OR "asn" = '2121' OR "asn" = '212167' OR "asn" = '212343' OR "asn" = '212389' OR "asn" = '21239' OR "asn" = '212397' OR "asn" = '212541' OR "asn" = '212668' OR "asn" = '21274' OR "asn" = '2128' OR "asn" = '212837' OR "asn" = '212876' OR "asn" = '212899' OR "asn" = '212984' OR "asn" = '213068' OR "asn" = '213069' OR "asn" = '213080' OR "asn" = '213088' OR "asn" = '213152' OR "asn" = '213181' OR "asn" = '213196' OR "asn" = '213309' OR "asn" = '21333' OR "asn" = '213331' OR "asn" = '213345' OR "asn" = '213400' OR "asn" = '213523' OR "asn" = '213634' OR "asn" = '213698' OR "asn" = '213761' OR "asn" = '214201' OR "asn" = '214327' OR "asn" = '21449' OR "asn" = '214788' OR "asn" = '2148' OR "asn" = '215088' OR "asn" = '2152' OR "asn" = '215422' OR "asn" = '215767' OR "asn" = '215928' OR "asn" = '216241' OR "asn" = '2187' OR "asn" = '2188' OR "asn" = '2193' OR "asn" = '2194' OR "asn" = '2198' OR "asn" = '2199' OR "asn" = '21995' OR "asn" = '2200' OR "asn" = '2202' OR "asn" = '2222' OR "asn" = '2223' OR "asn" = '2231' OR "asn" = '2236' OR "asn" = '2239' OR "asn" = '224' OR "asn" = '22512' OR "asn" = '2258' OR "asn" = '2259' OR "asn" = '2263' OR "asn" = '2264' OR "asn" = '22686' OR "asn" = '2269' OR "asn" = '22766' OR "asn" = '22950' OR "asn" = '22953' OR "asn" = '23214' OR "asn" = '23237' OR "asn" = '23307' OR "asn" = '23634' OR "asn" = '239' OR "asn" = '2418' OR "asn" = '2422' OR "asn" = '2426' OR "asn" = '2439' OR "asn" = '24406' OR "asn" = '2445' OR "asn" = '2450' OR "asn" = '2457' OR "asn" = '24597' OR "asn" = '24614' OR "asn" = '2462' OR "asn" = '24620' OR "asn" = '2470' OR "asn" = '2471' OR "asn" = '2472' OR "asn" = '2475' OR "asn" = '24775' OR "asn" = '24839' OR "asn" = '2484' OR "asn" = '24848' OR "asn" = '2485' OR "asn" = '2486' OR "asn" = '2488' OR "asn" = '24893' OR "asn" = '24922' OR "asn" = '2494' OR "asn" = '25021' OR "asn" = '25037' OR "asn" = '25072' OR "asn" = '25075' OR "asn" = '25152' OR "asn" = '25182' OR "asn" = '25192' OR "asn" = '25244' OR "asn" = '25278' OR "asn" = '25285' OR "asn" = '25304' OR "asn" = '25343' OR "asn" = '25344' OR "asn" = '25354' OR "asn" = '25371' OR "asn" = '2546' OR "asn" = '25468' OR "asn" = '2547' OR "asn" = '25495' OR "asn" = '25500' OR "asn" = '25572' OR "asn" = '2561' OR "asn" = '25635' OR "asn" = '25689' OR "asn" = '25728' OR "asn" = '25826' OR "asn" = '2587' OR "asn" = '25872' OR "asn" = '2592' OR "asn" = '25925' OR "asn" = '2596' OR "asn" = '2597' OR "asn" = '2598' OR "asn" = '2602' OR "asn" = '26025' OR "asn" = '2603' OR "asn" = '26037' OR "asn" = '2604' OR "asn" = '2605' OR "asn" = '2607' OR "asn" = '26071' OR "asn" = '261' OR "asn" = '2611' OR "asn" = '2614' OR "asn" = '26206' OR "asn" = '263842' OR "asn" = '263843' OR "asn" = '263844' OR "asn" = '26415' OR "asn" = '2643' OR "asn" = '26677' OR "asn" = '2679' OR "asn" = '2680' OR "asn" = '26806' OR "asn" = '2682' OR "asn" = '2683' OR "asn" = '26996' OR "asn" = '271' OR "asn" = '27275' OR "asn" = '27623' OR "asn" = '27628' OR "asn" = '2818' OR "asn" = '2831' OR "asn" = '2832' OR "asn" = '2833' OR "asn" = '2834' OR "asn" = '2835' OR "asn" = '2837' OR "asn" = '2838' OR "asn" = '2839' OR "asn" = '2840' OR "asn" = '2841' OR "asn" = '2842' OR "asn" = '2843' OR "asn" = '2844' OR "asn" = '2845' OR "asn" = '2846' OR "asn" = '2847' OR "asn" = '2848' OR "asn" = '2850' OR "asn" = '2852' OR "asn" = '2863' OR "asn" = '28678' OR "asn" = '2875' OR "asn" = '288' OR "asn" = '28800' OR "asn" = '28810' OR "asn" = '28821' OR "asn" = '28933' OR "asn" = '28949' OR "asn" = '2895' OR "asn" = '29095' OR "asn" = '29110' OR "asn" = '29147' OR "asn" = '29199' OR "asn" = '29212' OR "asn" = '29216' OR "asn" = '29348' OR "asn" = '29481' OR "asn" = '29484' OR "asn" = '29493' OR "asn" = '29581' OR "asn" = '29587' OR "asn" = '29598' OR "asn" = '29599' OR "asn" = '29609' OR "asn" = '29626' OR "asn" = '29747' OR "asn" = '29773' OR "asn" = '30045' OR "asn" = '30126' OR "asn" = '30129' OR "asn" = '30256' OR "asn" = '30713' OR "asn" = '30839' OR "asn" = '30853' OR "asn" = '30886' OR "asn" = '30898' OR "asn" = '30904' OR "asn" = '30911' OR "asn" = '30945' OR "asn" = '30971' OR "asn" = '30983' OR "asn" = '31206' OR "asn" = '31256' OR "asn" = '31337' OR "asn" = '31381' OR "asn" = '31511' OR "asn" = '31529' OR "asn" = '31563' OR "asn" = '31575' OR "asn" = '31581' OR "asn" = '31638' OR "asn" = '31646' OR "asn" = '31689' OR "asn" = '31705' OR "asn" = '31738' OR "asn" = '31782' OR "asn" = '31886' OR "asn" = '31930' OR "asn" = '31951' OR "asn" = '31983' OR "asn" = '3208' OR "asn" = '32156' OR "asn" = '32157' OR "asn" = '3218' OR "asn" = '3219' OR "asn" = '3221' OR "asn" = '3224' OR "asn" = '32250' OR "asn" = '3233' OR "asn" = '32347' OR "asn" = '3241' OR "asn" = '32555' OR "asn" = '32638' OR "asn" = '32659' OR "asn" = '3267' OR "asn" = '3268' OR "asn" = '32716' OR "asn" = '32756' OR "asn" = '32762' OR "asn" = '3279' OR "asn" = '32817' OR "asn" = '32820' OR "asn" = '33072' OR "asn" = '33079' OR "asn" = '33091' OR "asn" = '33096' OR "asn" = '33107' OR "asn" = '3314' OR "asn" = '3319' OR "asn" = '33207' OR "asn" = '3323' OR "asn" = '3325' OR "asn" = '33314' OR "asn" = '3333' OR "asn" = '3338' OR "asn" = '3351' OR "asn" = '33510' OR "asn" = '3359' OR "asn" = '33594' OR "asn" = '33602' OR "asn" = '33967' OR "asn" = '33980' OR "asn" = '34000' OR "asn" = '34017' OR "asn" = '34073' OR "asn" = '34183' OR "asn" = '34285' OR "asn" = '34478' OR "asn" = '34511' OR "asn" = '34520' OR "asn" = '34542' OR "asn" = '34707' OR "asn" = '34849' OR "asn" = '34862' OR "asn" = '34878' OR "asn" = '34883' OR "asn" = '35038' OR "asn" = '35052' OR "asn" = '35110' OR "asn" = '35296' OR "asn" = '35299' OR "asn" = '35346' OR "asn" = '35503' OR "asn" = '35517' OR "asn" = '35525' OR "asn" = '3557' OR "asn" = '35733' OR "asn" = '35764' OR "asn" = '35832' OR "asn" = '35857' OR "asn" = '36000' OR "asn" = '36122' OR "asn" = '3633' OR "asn" = '36391' OR "asn" = '36534' OR "asn" = '36625' OR "asn" = '36786' OR "asn" = '376' OR "asn" = '37717' OR "asn" = '378' OR "asn" = '39057' OR "asn" = '39098' OR "asn" = '39128' OR "asn" = '39131' OR "asn" = '39186' OR "asn" = '39315' OR "asn" = '393249' OR "asn" = '393468' OR "asn" = '393607' OR "asn" = '393810' OR "asn" = '39385' OR "asn" = '393877' OR "asn" = '393907' OR "asn" = '393966' OR "asn" = '393981' OR "asn" = '393987' OR "asn" = '394015' OR "asn" = '394023' OR "asn" = '3943' OR "asn" = '394430' OR "asn" = '39444' OR "asn" = '394522' OR "asn" = '394809' OR "asn" = '394831' OR "asn" = '39484' OR "asn" = '394846' OR "asn" = '394971' OR "asn" = '39503' OR "asn" = '395064' OR "asn" = '395156' OR "asn" = '39525' OR "asn" = '395660' OR "asn" = '395704' OR "asn" = '395807' OR "asn" = '395899' OR "asn" = '39590' OR "asn" = '395991' OR "asn" = '39662' OR "asn" = '397059' OR "asn" = '397335' OR "asn" = '397375' OR "asn" = '397543' OR "asn" = '397766' OR "asn" = '39815' OR "asn" = '39837' OR "asn" = '39840' OR "asn" = '39857' OR "asn" = '39870' OR "asn" = '39871' OR "asn" = '399031' OR "asn" = '39909' OR "asn" = '399267' OR "asn" = '399394' OR "asn" = '399825' OR "asn" = '399844' OR "asn" = '40007' OR "asn" = '400082' OR "asn" = '400815' OR "asn" = '40119' OR "asn" = '401203' OR "asn" = '40598' OR "asn" = '40660' OR "asn" = '40813' OR "asn" = '40981' OR "asn" = '41001' OR "asn" = '41092' OR "asn" = '41116' OR "asn" = '41211' OR "asn" = '41249' OR "asn" = '41289' OR "asn" = '41352' OR "asn" = '41385' OR "asn" = '41566' OR "asn" = '41910' OR "asn" = '41915' OR "asn" = '41955' OR "asn" = '41969' OR "asn" = '42081' OR "asn" = '42142' OR "asn" = '42165' OR "asn" = '42207' OR "asn" = '42236' OR "asn" = '42289' OR "asn" = '42307' OR "asn" = '42310' OR "asn" = '42364' OR "asn" = '42381' OR "asn" = '42484' OR "asn" = '42626' OR "asn" = '42685' OR "asn" = '42729' OR "asn" = '42744' OR "asn" = '42873' OR "asn" = '42909' OR "asn" = '42987' OR "asn" = '43018' OR "asn" = '43047' OR "asn" = '43066' OR "asn" = '43094' OR "asn" = '43115' OR "asn" = '43198' OR "asn" = '43552' OR "asn" = '43558' OR "asn" = '43665' OR "asn" = '43697' OR "asn" = '43703' OR "asn" = '4373' OR "asn" = '43752' OR "asn" = '43838' OR "asn" = '43844' OR "asn" = '43951' OR "asn" = '44110' OR "asn" = '44189' OR "asn" = '44224' OR "asn" = '44358' OR "asn" = '44369' OR "asn" = '44403' OR "asn" = '44442' OR "asn" = '44593' OR "asn" = '44639' OR "asn" = '4476' OR "asn" = '44850' OR "asn" = '44868' OR "asn" = '44959' OR "asn" = '46184' OR "asn" = '46477' OR "asn" = '46626' OR "asn" = '46641' OR "asn" = '46757' OR "asn" = '46818' OR "asn" = '47065' OR "asn" = '47174' OR "asn" = '47267' OR "asn" = '47300' OR "asn" = '47306' OR "asn" = '47404' OR "asn" = '47497' OR "asn" = '47515' OR "asn" = '47608' OR "asn" = '47610' OR "asn" = '47616' OR "asn" = '47623' OR "asn" = '47630' OR "asn" = '47688' OR "asn" = '47743' OR "asn" = '47799' OR "asn" = '48053' OR "asn" = '48062' OR "asn" = '48091' OR "asn" = '48155' OR "asn" = '48183' OR "asn" = '48227' OR "asn" = '48260' OR "asn" = '48395' OR "asn" = '48408' OR "asn" = '48506' OR "asn" = '48514' OR "asn" = '48534' OR "asn" = '48568' OR "asn" = '48751' OR "asn" = '48811' OR "asn" = '48984' OR "asn" = '49046' OR "asn" = '49234' OR "asn" = '49247' OR "asn" = '49248' OR "asn" = '49268' OR "asn" = '49437' OR "asn" = '49488' OR "asn" = '49507' OR "asn" = '49527' OR "asn" = '49554' OR "asn" = '49638' OR "asn" = '49704' OR "asn" = '49728' OR "asn" = '49827' OR "asn" = '49834' OR "asn" = '49851' OR "asn" = '49858' OR "asn" = '49884' OR "asn" = '49918' OR "asn" = '49929' OR "asn" = '49935' OR "asn" = '49984' OR "asn" = '50083' OR "asn" = '50112' OR "asn" = '50148' OR "asn" = '50195' OR "asn" = '50270' OR "asn" = '50276' OR "asn" = '50325' OR "asn" = '50355' OR "asn" = '50483' OR "asn" = '50507' OR "asn" = '50561' OR "asn" = '50569' OR "asn" = '50687' OR "asn" = '50703' OR "asn" = '50707' OR "asn" = '50745' OR "asn" = '50837' OR "asn" = '50838' OR "asn" = '50897' OR "asn" = '50934' OR "asn" = '50940' OR "asn" = '50944' OR "asn" = '51056' OR "asn" = '51066' OR "asn" = '51098' OR "asn" = '51172' OR "asn" = '51267' OR "asn" = '513' OR "asn" = '51350' OR "asn" = '51352' OR "asn" = '51500' OR "asn" = '51562' OR "asn" = '51652' OR "asn" = '51704' OR "asn" = '51708' OR "asn" = '51727' OR "asn" = '51946' OR "asn" = '51955' OR "asn" = '51966' OR "asn" = '51970' OR "asn" = '51988' OR "asn" = '51989' OR "asn" = '52146' OR "asn" = '52188' OR "asn" = '52215' OR "asn" = '52306' OR "asn" = '53319' OR "asn" = '53403' OR "asn" = '53437' OR "asn" = '53566' OR "asn" = '53631' OR "asn" = '5379' OR "asn" = '5386' OR "asn" = '5387' OR "asn" = '53904' OR "asn" = '53906' OR "asn" = '5403' OR "asn" = '54070' OR "asn" = '5408' OR "asn" = '542' OR "asn" = '5421' OR "asn" = '54307' OR "asn" = '5431' OR "asn" = '5433' OR "asn" = '54453' OR "asn" = '54477' OR "asn" = '54520' OR "asn" = '5459' OR "asn" = '54606' OR "asn" = '54658' OR "asn" = '5468' OR "asn" = '5470' OR "asn" = '5474' OR "asn" = '54760' OR "asn" = '54783' OR "asn" = '5479' OR "asn" = '5480' OR "asn" = '54884' OR "asn" = '5489' OR "asn" = '549' OR "asn" = '5491' OR "asn" = '54941' OR "asn" = '5495' OR "asn" = '5498' OR "asn" = '5501' OR "asn" = '5502' OR "asn" = '5503' OR "asn" = '5516' OR "asn" = '55185' OR "asn" = '5520' OR "asn" = '55206' OR "asn" = '553' OR "asn" = '5538' OR "asn" = '5550' OR "asn" = '5552' OR "asn" = '5567' OR "asn" = '559' OR "asn" = '5601' OR "asn" = '56266' OR "asn" = '56333' OR "asn" = '56357' OR "asn" = '565' OR "asn" = '56563' OR "asn" = '566' OR "asn" = '56625' OR "asn" = '5664' OR "asn" = '56670' OR "asn" = '56774' OR "asn" = '56797' OR "asn" = '56904' OR "asn" = '56908' OR "asn" = '56929' OR "asn" = '57021' OR "asn" = '57284' OR "asn" = '57331' OR "asn" = '57350' OR "asn" = '57377' OR "asn" = '57438' OR "asn" = '57444' OR "asn" = '5747' OR "asn" = '57484' OR "asn" = '57713' OR "asn" = '57776' OR "asn" = '57867' OR "asn" = '57916' OR "asn" = '57948' OR "asn" = '57961' OR "asn" = '57974' OR "asn" = '58046' OR "asn" = '58069' OR "asn" = '58071' OR "asn" = '58151' OR "asn" = '58255' OR "asn" = '58302' OR "asn" = '59577' OR "asn" = '59581' OR "asn" = '59624' OR "asn" = '59714' OR "asn" = '59758' OR "asn" = '59835' OR "asn" = '59863' OR "asn" = '59943' OR "asn" = '60187' OR "asn" = '60278' OR "asn" = '60282' OR "asn" = '60421' OR "asn" = '60514' OR "asn" = '60643' OR "asn" = '60722' OR "asn" = '60744' OR "asn" = '60777' OR "asn" = '60824' OR "asn" = '611' OR "asn" = '61110' OR "asn" = '61216' OR "asn" = '61282' OR "asn" = '61339' OR "asn" = '61353' OR "asn" = '61574' OR "asn" = '61575' OR "asn" = '61576' OR "asn" = '61983' OR "asn" = '62013' OR "asn" = '62024' OR "asn" = '62058' OR "asn" = '62138' OR "asn" = '62402' OR "asn" = '62436' OR "asn" = '62623' OR "asn" = '62692' OR "asn" = '62742' OR "asn" = '63327' OR "asn" = '64449' OR "asn" = '64490' OR "asn" = '64512' OR "asn" = '6509' OR "asn" = '6579' OR "asn" = '6693' OR "asn" = '6699' OR "asn" = '6701' OR "asn" = '6711' OR "asn" = '6720' OR "asn" = '6733' OR "asn" = '6744' OR "asn" = '679' OR "asn" = '680' OR "asn" = '6801' OR "asn" = '6802' OR "asn" = '6807' OR "asn" = '6832' OR "asn" = '6857' OR "asn" = '6867' OR "asn" = '6868' OR "asn" = '6874' OR "asn" = '6879' OR "asn" = '6882' OR "asn" = '6883' OR "asn" = '7' OR "asn" = '715' OR "asn" = '74' OR "asn" = '7500' OR "asn" = '760' OR "asn" = '766' OR "asn" = '775' OR "asn" = '776' OR "asn" = '777' OR "asn" = '781' OR "asn" = '782' OR "asn" = '786' OR "asn" = '7860' OR "asn" = '7885' OR "asn" = '789' OR "asn" = '800' OR "asn" = '802' OR "asn" = '806' OR "asn" = '8111' OR "asn" = '818' OR "asn" = '819' OR "asn" = '8190' OR "asn" = '823' OR "asn" = '8235' OR "asn" = '8248' OR "asn" = '8253' OR "asn" = '8256' OR "asn" = '8267' OR "asn" = '8278' OR "asn" = '8286' OR "asn" = '8323' OR "asn" = '8324' OR "asn" = '8326' OR "asn" = '8398' OR "asn" = '8409' OR "asn" = '8411' OR "asn" = '8456' OR "asn" = '8466' OR "asn" = '8474' OR "asn" = '8480' OR "asn" = '8481' OR "asn" = '8491' OR "asn" = '8501' OR "asn" = '8506' OR "asn" = '8508' OR "asn" = '851' OR "asn" = '8510' OR "asn" = '8512' OR "asn" = '8517' OR "asn" = '8519' OR "asn" = '8522' OR "asn" = '8546' OR "asn" = '8581' OR "asn" = '8592' OR "asn" = '8605' OR "asn" = '8611' OR "asn" = '8617' OR "asn" = '8618' OR "asn" = '8630' OR "asn" = '8633' OR "asn" = '8643' OR "asn" = '8663' OR "asn" = '8664' OR "asn" = '8674' OR "asn" = '8678' OR "asn" = '8684' OR "asn" = '8692' OR "asn" = '8745' OR "asn" = '8748' OR "asn" = '8762' OR "asn" = '8766' OR "asn" = '8775' OR "asn" = '8790' OR "asn" = '8865' OR "asn" = '8873' OR "asn" = '8890' OR "asn" = '8941' OR "asn" = '8962' OR "asn" = '8970' OR "asn" = '8973' OR "asn" = '8978' OR "asn" = '8991' OR "asn" = '8995' OR "asn" = '9020' OR "asn" = '9069' OR "asn" = '9077' OR "asn" = '9088' OR "asn" = '9095' OR "asn" = '9103' OR "asn" = '9112' OR "asn" = '9162' OR "asn" = '9199' OR "asn" = '9206'
AS-PLANETNET,"asn" = '15239' OR "asn" = '19865' OR "asn" = '208951' OR "asn" = '26627' OR "asn" = '30144' OR "asn" = '3580' OR "asn" = '396924' OR "asn" = '400068' OR "asn" = '401467'
AS-RUTGERS,"asn" = ''
AS11164:AS-ALL,"asn" = '101' OR "asn" = '10110' OR "asn" = '10294' OR "asn" = '103' OR "asn" = '10308' OR "asn" = '10326' OR "asn" = '10343' OR "asn" = '10349' OR "asn" = '10357' OR "asn" = '10364' OR "asn" = '10381' OR "asn" = '104' OR "asn" = '10421' OR "asn" = '10430' OR "asn" = '10437' OR "asn" = '1044' OR "asn" = '10448' OR "asn" = '10466' OR "asn" = '10490' OR "asn" = '10497' OR "asn" = '10506' OR "asn" = '10508' OR "asn" = '10515' OR "asn" = '10546' OR "asn" = '10561' OR "asn" = '10578' OR "asn" = '1062' OR "asn" = '10631' OR "asn" = '10680' OR "asn" = '10702' OR "asn" = '10715' OR "asn" = '10755' OR "asn" = '10812' OR "asn" = '10849' OR "asn" = '10867' OR "asn" = '10876' OR "asn" = '10881' OR "asn" = '10886' OR "asn" = '10952' OR "asn" = '11009' OR "asn" = '11015' OR "asn" = '11035' OR "asn" = '11039' OR "asn" = '11050' OR "asn" = '11078' OR "asn" = '11094' OR "asn" = '11096' OR "asn" = '11097' OR "asn" = '111' OR "asn" = '11109' OR "asn" = '11114' OR "asn" = '11126' OR "asn" = '11131' OR "asn" = '11153' OR "asn" = '11159' OR "asn" = '11162' OR "asn" = '11164' OR "asn" = '11188' OR "asn" = '11206' OR "asn" = '11214' OR "asn" = '11221' OR "asn" = '11242' OR "asn" = '11252' OR "asn" = '11279' OR "asn" = '11284' OR "asn" = '11293' OR "asn" = '11317' OR "asn" = '11318' OR "asn" = '11348' OR "asn" = '11353' OR "asn" = '11395' OR "asn" = '11417' OR "asn" = '11422' OR "asn" = '11423' OR "asn" = '11442' OR "asn" = '11446' OR "asn" = '11452' OR "asn" = '1149' OR "asn" = '11494' OR "asn" = '11499' OR "asn" = '11500' OR "asn" = '11523' OR "asn" = '11534' OR "asn" = '11537' OR "asn" = '11546' OR "asn" = '11548' OR "asn" = '11570' OR "asn" = '11577' OR "asn" = '11598' OR "asn" = '11602' OR "asn" = '11607' OR "asn" = '11649' OR "asn" = '11659' OR "asn" = '11663' OR "asn" = '11686' OR "asn" = '11687' OR "asn" = '11714' OR "asn" = '11736' OR "asn" = '11745' OR "asn" = '11756' OR "asn" = '11773' OR "asn" = '11777' OR "asn" = '11808' OR "asn" = '11809' OR "asn" = '11827' OR "asn" = '11828' OR "asn" = '11834' OR "asn" = '11840' OR "asn" = '11863' OR "asn" = '11872' OR "asn" = '11897' OR "asn" = '11920' OR "asn" = '11956' OR "asn" = '11975' OR "asn" = '11995' OR "asn" = '11996' OR "asn" = '12' OR "asn" = '12005' OR "asn" = '1201' OR "asn" = '12013' OR "asn" = '12020' OR "asn" = '12024' OR "asn" = '1204' OR "asn" = '12042' OR "asn" = '1206' OR "asn" = '12060' OR "asn" = '1207' OR "asn" = '12076' OR "asn" = '12107' OR "asn" = '12118' OR "asn" = '12145' OR "asn" = '12148' OR "asn" = '12173' OR "asn" = '12239' OR "asn" = '1224' OR "asn" = '12247' OR "asn" = '1227' OR "asn" = '1249' OR "asn" = '1251' OR "asn" = '1252' OR "asn" = '1256' OR "asn" = '127' OR "asn" = '1289' OR "asn" = '131' OR "asn" = '131187' OR "asn" = '1312' OR "asn" = '131272' OR "asn" = '132003' OR "asn" = '132264' OR "asn" = '132398' OR "asn" = '132500' OR "asn" = '132596' OR "asn" = '13315' OR "asn" = '13326' OR "asn" = '13327' OR "asn" = '13335' OR "asn" = '13359' OR "asn" = '13371' OR "asn" = '133857' OR "asn" = '13392' OR "asn" = '133928' OR "asn" = '13406' OR "asn" = '134227' OR "asn" = '13429' OR "asn" = '13436' OR "asn" = '13476' OR "asn" = '13501' OR "asn" = '1351' OR "asn" = '13513' OR "asn" = '135288' OR "asn" = '13539' OR "asn" = '135431' OR "asn" = '13548' OR "asn" = '13605' OR "asn" = '13611' OR "asn" = '13691' OR "asn" = '13726' OR "asn" = '13755' OR "asn" = '13796' OR "asn" = '13809' OR "asn" = '138410' OR "asn" = '13862' OR "asn" = '13865' OR "asn" = '139263' OR "asn" = '139272' OR "asn" = '13940' OR "asn" = '13953' OR "asn" = '13972' OR "asn" = '13979' OR "asn" = '13998' OR "asn" = '14' OR "asn" = '14031' OR "asn" = '14041' OR "asn" = '14048' OR "asn" = '14085' OR "asn" = '14104' OR "asn" = '1411' OR "asn" = '1416' OR "asn" = '14183' OR "asn" = '14188' OR "asn" = '14192' OR "asn" = '14200' OR "asn" = '14209' OR "asn" = '14212' OR "asn" = '14213' OR "asn" = '14221' OR "asn" = '14235' OR "asn" = '14255' OR "asn" = '14262' OR "asn" = '14314' OR "asn" = '1432' OR "asn" = '14325' OR "asn" = '14348' OR "asn" = '14354' OR "asn" = '1436' OR "asn" = '14369' OR "asn" = '14373' OR "asn" = '14382' OR "asn" = '14433' OR "asn" = '14464' OR "asn" = '14486' OR "asn" = '14503' OR "asn" = '14512' OR "asn" = '14513' OR "asn" = '14550' OR "asn" = '14702' OR "asn" = '14706' OR "asn" = '14734' OR "asn" = '14750' OR "asn" = '14760' OR "asn" = '14763' OR "asn" = '14822' OR "asn" = '14827' OR "asn" = '14834' OR "asn" = '14877' OR "asn" = '14887' OR "asn" = '14940' OR "asn" = '14954' OR "asn" = '14977' OR "asn" = '15099' OR "asn" = '15116' OR "asn" = '15118' OR "asn" = '15119' OR "asn" = '15121' OR "asn" = '15124' OR "asn" = '15140' OR "asn" = '15196' OR "asn" = '15199' OR "asn" = '15268' OR "asn" = '15295' OR "asn" = '15323' OR "asn" = '15336' OR "asn" = '15337' OR "asn" = '156' OR "asn" = '159' OR "asn" = '16' OR "asn" = '160' OR "asn" = '1603' OR "asn" = '1638' OR "asn" = '16384' OR "asn" = '16393' OR "asn" = '16408' OR "asn" = '16426' OR "asn" = '16430' OR "asn" = '16461' OR "asn" = '16496' OR "asn" = '16498' OR "asn" = '1650' OR "asn" = '16519' OR "asn" = '16538' OR "asn" = '16545' OR "asn" = '16550' OR "asn" = '1657' OR "asn" = '16573' OR "asn" = '16575' OR "asn" = '16586' OR "asn" = '16597' OR "asn" = '16600' OR "asn" = '16643' OR "asn" = '167' OR "asn" = '16794' OR "asn" = '16813' OR "asn" = '16826' OR "asn" = '16838' OR "asn" = '16855' OR "asn" = '16922' OR "asn" = '16989' OR "asn" = '17' OR "asn" = '1700' OR "asn" = '1702' OR "asn" = '17031' OR "asn" = '17055' OR "asn" = '1706' OR "asn" = '17124' OR "asn" = '17135' OR "asn" = '17152' OR "asn" = '17153' OR "asn" = '17177' OR "asn" = '17196' OR "asn" = '17200' OR "asn" = '17202' OR "asn" = '17207' OR "asn" = '17234' OR "asn" = '17236' OR "asn" = '17244' OR "asn" = '17287' OR "asn" = '17294' OR "asn" = '17324' OR "asn" = '17342' OR "asn" = '17343' OR "asn" = '17355' OR "asn" = '1736' OR "asn" = '17369' OR "asn" = '17395' OR "asn" = '1742' OR "asn" = '17542' OR "asn" = '1767' OR "asn" = '177' OR "asn" = '1777' OR "asn" = '1798' OR "asn" = '18' OR "asn" = '1826' OR "asn" = '1830' OR "asn" = '1832' OR "asn" = '18378' OR "asn" = '18454' OR "asn" = '18460' OR "asn" = '1848' OR "asn" = '18515' OR "asn" = '1852' OR "asn" = '18538' OR "asn" = '18553' OR "asn" = '18555' OR "asn" = '18558' OR "asn" = '18560' OR "asn" = '18564' OR "asn" = '18572' OR "asn" = '18601' OR "asn" = '18632' OR "asn" = '18660' OR "asn" = '18682' OR "asn" = '18759' OR "asn" = '18760' OR "asn" = '18777' OR "asn" = '18791' OR "asn" = '18800' OR "asn" = '18815' OR "asn" = '18818' OR "asn" = '18838' OR "asn" = '18856' OR "asn" = '18948' OR "asn" = '18975' OR "asn" = '18995' OR "asn" = '19014' OR "asn" = '19070' OR "asn" = '1909' OR "asn" = '19106' OR "asn" = '19119' OR "asn" = '19153' OR "asn" = '1916' OR "asn" = '19161' OR "asn" = '19176' OR "asn" = '19184' OR "asn" = '19185' OR "asn" = '19200' OR "asn" = '19217' OR "asn" = '19226' OR "asn" = '19230' OR "asn" = '19281' OR "asn" = '1929' OR "asn" = '19321' OR "asn" = '19329' OR "asn" = '19342' OR "asn" = '19364' OR "asn" = '19395' OR "asn" = '194' OR "asn" = '19413' OR "asn" = '19470' OR "asn" = '19480' OR "asn" = '195' OR "asn" = '19530' OR "asn" = '19551' OR "asn" = '19564' OR "asn" = '19611' OR "asn" = '19616' OR "asn" = '19658' OR "asn" = '1968' OR "asn" = '1970' OR "asn" = '19704' OR "asn" = '19718' OR "asn" = '19782' OR "asn" = '19836' OR "asn" = '19856' OR "asn" = '19861' OR "asn" = '198949' OR "asn" = '19899' OR "asn" = '19902' OR "asn" = '19933' OR "asn" = '19941' OR "asn" = '19957' OR "asn" = '1998' OR "asn" = '2' OR "asn" = '20' OR "asn" = '200058' OR "asn" = '20080' OR "asn" = '20085' OR "asn" = '20097' OR "asn" = '20099' OR "asn" = '20125' OR "asn" = '20126' OR "asn" = '20130' OR "asn" = '20144' OR "asn" = '20160' OR "asn" = '20162' OR "asn" = '20172' OR "asn" = '20177' OR "asn" = '20197' OR "asn" = '20238' OR "asn" = '20243' OR "asn" = '2025' OR "asn" = '20252' OR "asn" = '20269' OR "asn" = '20274' OR "asn" = '20315' OR "asn" = '20343' OR "asn" = '20362' OR "asn" = '2037' OR "asn" = '2041' OR "asn" = '20431' OR "asn" = '20452' OR "asn" = '20469' OR "asn" = '2055' OR "asn" = '210' OR "asn" = '211369' OR "asn" = '21313' OR "asn" = '2150' OR "asn" = '21506' OR "asn" = '2151' OR "asn" = '21517' OR "asn" = '21518' OR "asn" = '2152' OR "asn" = '2153' OR "asn" = '21545' OR "asn" = '21582' OR "asn" = '21612' OR "asn" = '21694' OR "asn" = '217' OR "asn" = '21708' OR "asn" = '21727' OR "asn" = '21767' OR "asn" = '21828' OR "asn" = '21846' OR "asn" = '21915' OR "asn" = '21924' OR "asn" = '21951' OR "asn" = '22018' OR "asn" = '22063' OR "asn" = '22066' OR "asn" = '22068' OR "asn" = '22093' OR "asn" = '22137' OR "asn" = '22163' OR "asn" = '22174' OR "asn" = '22192' OR "asn" = '22198' OR "asn" = '22213' OR "asn" = '22215' OR "asn" = '22217' OR "asn" = '22226' OR "asn" = '22245' OR "asn" = '22251' OR "asn" = '22272' OR "asn" = '22315' OR "asn" = '22320' OR "asn" = '22323' OR "asn" = '22335' OR "asn" = '22471' OR "asn" = '22472' OR "asn" = '22487' OR "asn" = '225' OR "asn" = '22500' OR "asn" = '22547' OR "asn" = '22579' OR "asn" = '22594' OR "asn" = '226' OR "asn" = '22644' OR "asn" = '22645' OR "asn" = '22666' OR "asn" = '22700' OR "asn" = '22704' OR "asn" = '22742' OR "asn" = '22757' OR "asn" = '22782' OR "asn" = '22819' OR "asn" = '22834' OR "asn" = '22841' OR "asn" = '22845' OR "asn" = '22847' OR "asn" = '22851' OR "asn" = '22864' OR "asn" = '22877' OR "asn" = '22887' OR "asn" = '229' OR "asn" = '22937' OR "asn" = '22944' OR "asn" = '22945' OR "asn" = '22949' OR "asn" = '22955' OR "asn" = '22966' OR "asn" = '22968' OR "asn" = '22971' OR "asn" = '22972' OR "asn" = '22977' OR "asn" = '22978' OR "asn" = '22985' OR "asn" = '22990' OR "asn" = '23007' OR "asn" = '23024' OR "asn" = '23038' OR "asn" = '23041' OR "asn" = '23065' OR "asn" = '231' OR "asn" = '23102' OR "asn" = '23117' OR "asn" = '23122' OR "asn" = '23138' OR "asn" = '23162' OR "asn" = '23171' OR "asn" = '23191' OR "asn" = '23193' OR "asn" = '23207' OR "asn" = '23210' OR "asn" = '23264' OR "asn" = '23272' OR "asn" = '23294' OR "asn" = '23301' OR "asn" = '23309' OR "asn" = '23323' OR "asn" = '23361' OR "asn" = '23366' OR "asn" = '23369' OR "asn" = '23427' OR "asn" = '23434' OR "asn" = '23458' OR "asn" = '23483' OR "asn" = '23489' OR "asn" = '23492' OR "asn" = '236' OR "asn" = '237' OR "asn" = '23767' OR "asn" = '2381' OR "asn" = '23905' OR "asn" = '24' OR "asn" = '24318' OR "asn" = '24398' OR "asn" = '2495' OR "asn" = '2496' OR "asn" = '25' OR "asn" = '25087' OR "asn" = '25485' OR "asn" = '2552' OR "asn" = '2553' OR "asn" = '25609' OR "asn" = '25656' OR "asn" = '25664' OR "asn" = '25691' OR "asn" = '257' OR "asn" = '25709' OR "asn" = '2572' OR "asn" = '25776' OR "asn" = '25789' OR "asn" = '25807' OR "asn" = '25810' OR "asn" = '25822' OR "asn" = '25825' OR "asn" = '25829' OR "asn" = '25845' OR "asn" = '25887' OR "asn" = '25900' OR "asn" = '25935' OR "asn" = '25963' OR "asn" = '25964' OR "asn" = '25968' OR "asn" = '25969' OR "asn" = '25977' OR "asn" = '25979' OR "asn" = '25995' OR "asn" = '26' OR "asn" = '26002' OR "asn" = '26012' OR "asn" = '26013' OR "asn" = '26026' OR "asn" = '26046' OR "asn" = '26066' OR "asn" = '26100' OR "asn" = '26126' OR "asn" = '26134' OR "asn" = '26176' OR "asn" = '26247' OR "asn" = '262534' OR "asn" = '26255' OR "asn" = '262829' OR "asn" = '26297' OR "asn" = '26303' OR "asn" = '263300' OR "asn" = '26333' OR "asn" = '26335' OR "asn" = '26367' OR "asn" = '2637' OR "asn" = '263842' OR "asn" = '263843' OR "asn" = '263844' OR "asn" = '26385' OR "asn" = '26397' OR "asn" = '2640' OR "asn" = '26403' OR "asn" = '2641' OR "asn" = '26415' OR "asn" = '26421' OR "asn" = '26439' OR "asn" = '264471' OR "asn" = '26462' OR "asn" = '26468' OR "asn" = '26475' OR "asn" = '2648' OR "asn" = '26492' OR "asn" = '26498' OR "asn" = '26499' OR "asn" = '26515' OR "asn" = '26557' OR "asn" = '26560' OR "asn" = '26633' OR "asn" = '26638' OR "asn" = '26661' OR "asn" = '26675' OR "asn" = '26699' OR "asn" = '26710' OR "asn" = '26711' OR "asn" = '26723' OR "asn" = '26741' OR "asn" = '26755' OR "asn" = '26779' OR "asn" = '26783' OR "asn" = '268' OR "asn" = '26818' OR "asn" = '26826' OR "asn" = '26851' OR "asn" = '26883' OR "asn" = '26894' OR "asn" = '26898' OR "asn" = '26906' OR "asn" = '26923' OR "asn" = '26924' OR "asn" = '26934' OR "asn" = '26946' OR "asn" = '26954' OR "asn" = '2696' OR "asn" = '26971' OR "asn" = '2698' OR "asn" = '26987' OR "asn" = '27' OR "asn" = '27009' OR "asn" = '2701' OR "asn" = '27026' OR "asn" = '2711' OR "asn" = '2715' OR "asn" = '2716' OR "asn" = '27183' OR "asn" = '27185' OR "asn" = '27198' OR "asn" = '2721' OR "asn" = '27219' OR "asn" = '2722' OR "asn" = '27236' OR "asn" = '27274' OR "asn" = '27282' OR "asn" = '27316' OR "asn" = '27405' OR "asn" = '27422' OR "asn" = '27469' OR "asn" = '27500' OR "asn" = '27502' OR "asn" = '27512' OR "asn" = '27515' OR "asn" = '27544' OR "asn" = '27594' OR "asn" = '27595' OR "asn" = '27604' OR "asn" = '27609' OR "asn" = '27616' OR "asn" = '27622' OR "asn" = '27676' OR "asn" = '27807' OR "asn" = '27890' OR "asn" = '27893' OR "asn" = '27922' OR "asn" = '28193' OR "asn" = '28301' OR "asn" = '28571' OR "asn" = '28579' OR "asn" = '28614' OR "asn" = '28623' OR "asn" = '28637' OR "asn" = '2881' OR "asn" = '2897' OR "asn" = '29' OR "asn" = '2900' OR "asn" = '2901' OR "asn" = '2902' OR "asn" = '2903' OR "asn" = '2920' OR "asn" = '29403' OR "asn" = '29709' OR "asn" = '29825' OR "asn" = '29840' OR "asn" = '29846' OR "asn" = '29848' OR "asn" = '29867' OR "asn" = '29878' OR "asn" = '29885' OR "asn" = '29899' OR "asn" = '299' OR "asn" = '29917' OR "asn" = '29926' OR "asn" = '29941' OR "asn" = '29955' OR "asn" = '29966' OR "asn" = '29972' OR "asn" = '29979' OR "asn" = '29993' OR "asn" = '3' OR "asn" = '30041' OR "asn" = '30049' OR "asn" = '30060' OR "asn" = '30067' OR "asn" = '30075' OR "asn" = '30116' OR "asn" = '30136' OR "asn" = '30154' OR "asn" = '301777' OR "asn" = '30184' OR "asn" = '30193' OR "asn" = '30198' OR "asn" = '302' OR "asn" = '30220' OR "asn" = '30231' OR "asn" = '30255' OR "asn" = '30263' OR "asn" = '30267' OR "asn" = '30290' OR "asn" = '30298' OR "asn" = '30314' OR "asn" = '30350' OR "asn" = '30387' OR "asn" = '30408' OR "asn" = '30415' OR "asn" = '30425' OR "asn" = '30454' OR "asn" = '30460' OR "asn" = '30472' OR "asn" = '30499' OR "asn" = '30564' OR "asn" = '30569' OR "asn" = '30674' OR "asn" = '30679' OR "asn" = '30681' OR "asn" = '30687' OR "asn" = '30700' OR "asn" = '30703' OR "asn" = '30712' OR "asn" = '31' OR "asn" = '3112' OR "asn" = '3128' OR "asn" = '3136' OR "asn" = '3140' OR "asn" = '31746' OR "asn" = '31764' OR "asn" = '31766' OR "asn" = '31770' OR "asn" = '31777' OR "asn" = '31791' OR "asn" = '31822' OR "asn" = '31861' OR "asn" = '31871' OR "asn" = '31921' OR "asn" = '31967' OR "asn" = '31986' OR "asn" = '31991' OR "asn" = '31999' OR "asn" = '32' OR "asn" = '32064' OR "asn" = '32071' OR "asn" = '32093' OR "asn" = '32125' OR "asn" = '32136' OR "asn" = '32170' OR "asn" = '32178' OR "asn" = '32193' OR "asn" = '32214' OR "asn" = '32215' OR "asn" = '32229' OR "asn" = '32234' OR "asn" = '32259' OR "asn" = '32266' OR "asn" = '32274' OR "asn" = '32278' OR "asn" = '32285' OR "asn" = '32294' OR "asn" = '32344' OR "asn" = '32360' OR "asn" = '32361' OR "asn" = '32365' OR "asn" = '32389' OR "asn" = '32397' OR "asn" = '32417' OR "asn" = '32440' OR "asn" = '32464' OR "asn" = '32507' OR "asn" = '32513' OR "asn" = '32522' OR "asn" = '32531' OR "asn" = '32635' OR "asn" = '32651' OR "asn" = '32666' OR "asn" = '32698' OR "asn" = '32711' OR "asn" = '32744' OR "asn" = '32818' OR "asn" = '32876' OR "asn" = '32907' OR "asn" = '32920' OR "asn" = '32933' OR "asn" = '32955' OR "asn" = '32993' OR "asn" = '33008' OR "asn" = '33019' OR "asn" = '33021' OR "asn" = '33030' OR "asn" = '33097' OR "asn" = '33153' OR "asn" = '33154' OR "asn" = '33167' OR "asn" = '33170' OR "asn" = '33187' OR "asn" = '33189' OR "asn" = '33207' OR "asn" = '33233' OR "asn" = '33235' OR "asn" = '33254' OR "asn" = '33271' OR "asn" = '33281' OR "asn" = '33343' OR "asn" = '33401' OR "asn" = '33427' OR "asn" = '33434' OR "asn" = '33455' OR "asn" = '33460' OR "asn" = '33485' OR "asn" = '33503' OR "asn" = '3354' OR "asn" = '33563' OR "asn" = '33585' OR "asn" = '33587' OR "asn" = '33600' OR "asn" = '33604' OR "asn" = '33629' OR "asn" = '33632' OR "asn" = '33670' OR "asn" = '33692' OR "asn" = '33703' OR "asn" = '33726' OR "asn" = '3388' OR "asn" = '3390' OR "asn" = '34' OR "asn" = '3428' OR "asn" = '3450' OR "asn" = '3452' OR "asn" = '3453' OR "asn" = '3464' OR "asn" = '3477' OR "asn" = '3479' OR "asn" = '3480' OR "asn" = '3481' OR "asn" = '3503' OR "asn" = '3512' OR "asn" = '3527' OR "asn" = '3565' OR "asn" = '3582' OR "asn" = '35889' OR "asn" = '3592' OR "asn" = '36037' OR "asn" = '3606' OR "asn" = '36081' OR "asn" = '36112' OR "asn" = '36269' OR "asn" = '3627' OR "asn" = '3629' OR "asn" = '3630' OR "asn" = '36301' OR "asn" = '36306' OR "asn" = '36324' OR "asn" = '3634' OR "asn" = '3635' OR "asn" = '36359' OR "asn" = '36368' OR "asn" = '36375' OR "asn" = '36390' OR "asn" = '36403' OR "asn" = '36407' OR "asn" = '36413' OR "asn" = '36416' OR "asn" = '36427' OR "asn" = '36441' OR "asn" = '36450' OR "asn" = '36513' OR "asn" = '36532' OR "asn" = '36548' OR "asn" = '3659' OR "asn" = '36616' OR "asn" = '36617' OR "asn" = '36618' OR "asn" = '36619' OR "asn" = '36620' OR "asn" = '36621' OR "asn" = '36622' OR "asn" = '36623' OR "asn" = '36624' OR "asn" = '36625' OR "asn" = '36626' OR "asn" = '36627' OR "asn" = '36628' OR "asn" = '36629' OR "asn" = '36630' OR "asn" = '36631' OR "asn" = '36632' OR "asn" = '36634' OR "asn" = '36655' OR "asn" = '36658' OR "asn" = '36683' OR "asn" = '36691' OR "asn" = '36695' OR "asn" = '36704' OR "asn" = '3671' OR "asn" = '36723' OR "asn" = '3676' OR "asn" = '3677' OR "asn" = '36784' OR "asn" = '36794' OR "asn" = '3681' OR "asn" = '36831' OR "asn" = '36843' OR "asn" = '3685' OR "asn" = '36850' OR "asn" = '3701' OR "asn" = '3714' OR "asn" = '3719' OR "asn" = '3730' OR "asn" = '3734' OR "asn" = '3756' OR "asn" = '3777' OR "asn" = '3778' OR "asn" = '3782' OR "asn" = '3794' OR "asn" = '3795' OR "asn" = '38' OR "asn" = '38022' OR "asn" = '3807' OR "asn" = '38299' OR "asn" = '38305' OR "asn" = '38319' OR "asn" = '3832' OR "asn" = '38473' OR "asn" = '38479' OR "asn" = '3851' OR "asn" = '38626' OR "asn" = '38906' OR "asn" = '3912' OR "asn" = '39132' OR "asn" = '3923' OR "asn" = '393251' OR "asn" = '393257' OR "asn" = '393273' OR "asn" = '393282' OR "asn" = '3933' OR "asn" = '393308' OR "asn" = '393309' OR "asn" = '393337' OR "asn" = '393354' OR "asn" = '393401' OR "asn" = '393405' OR "asn" = '393425' OR "asn" = '393436' OR "asn" = '393486' OR "asn" = '3935' OR "asn" = '393529' OR "asn" = '393530' OR "asn" = '393550' OR "asn" = '393564' OR "asn" = '393592' OR "asn" = '393601' OR "asn" = '393605' OR "asn" = '393650' OR "asn" = '393661' OR "asn" = '393665' OR "asn" = '393689' OR "asn" = '393709' OR "asn" = '393750' OR "asn" = '393759' OR "asn" = '393806' OR "asn" = '393817' OR "asn" = '393819' OR "asn" = '393824' OR "asn" = '393844' OR "asn" = '393869' OR "asn" = '393875' OR "asn" = '393881' OR "asn" = '393926' OR "asn" = '393936' OR "asn" = '393952' OR "asn" = '394001' OR "asn" = '394003' OR "asn" = '394026' OR "asn" = '394031' OR "asn" = '394049' OR "asn" = '394057' OR "asn" = '394061' OR "asn" = '394088' OR "asn" = '394121' OR "asn" = '394126' OR "asn" = '394153' OR "asn" = '394165' OR "asn" = '394170' OR "asn" = '394209' OR "asn" = '394234' OR "asn" = '394236' OR "asn" = '394271' OR "asn" = '394308' OR "asn" = '394316' OR "asn" = '394324' OR "asn" = '394353' OR "asn" = '394391' OR "asn" = '394395' OR "asn" = '394399' OR "asn" = '394413' OR "asn" = '394435' OR "asn" = '394494' OR "asn" = '394523' OR "asn" = '394534' OR "asn" = '394607' OR "asn" = '394640' OR "asn" = '394655' OR "asn" = '394666' OR "asn" = '394673' OR "asn" = '394688' OR "asn" = '394698' OR "asn" = '394700' OR "asn" = '394723' OR "asn" = '394747' OR "asn" = '394748' OR "asn" = '394769' OR "asn" = '394784' OR "asn" = '394797' OR "asn" = '394798' OR "asn" = '394826' OR "asn" = '394858' OR "asn" = '394917' OR "asn" = '394961' OR "asn" = '394962' OR "asn" = '395014' OR "asn" = '395068' OR "asn" = '395073' OR "asn" = '395139' OR "asn" = '395188' OR "asn" = '395202' OR "asn" = '395211' OR "asn" = '395226' OR "asn" = '395312' OR "asn" = '395317' OR "asn" = '395333' OR "asn" = '395346' OR "asn" = '395395' OR "asn" = '395400' OR "asn" = '395421' OR "asn" = '395448' OR "asn" = '395465' OR "asn" = '395468' OR "asn" = '395514' OR "asn" = '395534' OR "asn" = '395549' OR "asn" = '395589' OR "asn" = '395633' OR "asn" = '395638' OR "asn" = '395643' OR "asn" = '395716' OR "asn" = '395770' OR "asn" = '395792' OR "asn" = '395812' OR "asn" = '395847' OR "asn" = '395877' OR "asn" = '395896' OR "asn" = '395945' OR "asn" = '395962' OR "asn" = '395963' OR "asn" = '396028' OR "asn" = '396087' OR "asn" = '396212' OR "asn" = '396213' OR "asn" = '396262' OR "asn" = '396310' OR "asn" = '396320' OR "asn" = '396334' OR "asn" = '396349' OR "asn" = '396381' OR "asn" = '396391' OR "asn" = '396400' OR "asn" = '396425' OR "asn" = '396459' OR "asn" = '396465' OR "asn" = '396470' OR "asn" = '396485' OR "asn" = '396513' OR "asn" = '396540' OR "asn" = '396541' OR "asn" = '396542' OR "asn" = '396543' OR "asn" = '396544' OR "asn" = '396545' OR "asn" = '396546' OR "asn" = '396547' OR "asn" = '396549' OR "asn" = '396550' OR "asn" = '396551' OR "asn" = '396552' OR "asn" = '396553' OR "asn" = '396554' OR "asn" = '396555' OR "asn" = '396560' OR "asn" = '396561' OR "asn" = '396562' OR "asn" = '396563' OR "asn" = '396564' OR "asn" = '396565' OR "asn" = '396566' OR "asn" = '396567' OR "asn" = '396571' OR "asn" = '396572' OR "asn" = '396573' OR "asn" = '396574' OR "asn" = '396575' OR "asn" = '396576' OR "asn" = '396577' OR "asn" = '396578' OR "asn" = '396579' OR "asn" = '396580' OR "asn" = '396581' OR "asn" = '396582' OR "asn" = '396583' OR "asn" = '396584' OR "asn" = '396585' OR "asn" = '396586' OR "asn" = '396587' OR "asn" = '396588' OR "asn" = '396589' OR "asn" = '396590' OR "asn" = '396591' OR "asn" = '396592' OR "asn" = '396593' OR "asn" = '396594' OR "asn" = '396595' OR "asn" = '396596' OR "asn" = '396597' OR "asn" = '396599' OR "asn" = '396600' OR "asn" = '396602' OR "asn" = '396603' OR "asn" = '396604' OR "asn" = '396605' OR "asn" = '396606' OR "asn" = '396608' OR "asn" = '396609' OR "asn" = '396610' OR "asn" = '396611' OR "asn" = '396612' OR "asn" = '396613' OR "asn" = '396614' OR "asn" = '396615' OR "asn" = '396616' OR "asn" = '396617' OR "asn" = '396618' OR "asn" = '396619' OR "asn" = '396620' OR "asn" = '396621' OR "asn" = '396622' OR "asn" = '396623' OR "asn" = '396624' OR "asn" = '396625' OR "asn" = '396626' OR "asn" = '396627' OR "asn" = '396628' OR "asn" = '396629' OR "asn" = '396630' OR "asn" = '396634' OR "asn" = '396635' OR "asn" = '396637' OR "asn" = '396641' OR "asn" = '396642' OR "asn" = '396644' OR "asn" = '396645' OR "asn" = '396646' OR "asn" = '396648' OR "asn" = '396649' OR "asn" = '396651' OR "asn" = '396652' OR "asn" = '396653' OR "asn" = '396654' OR "asn" = '396655' OR "asn" = '396657' OR "asn" = '396658' OR "asn" = '396659' OR "asn" = '396661' OR "asn" = '396662' OR "asn" = '396663' OR "asn" = '396664' OR "asn" = '396666' OR "asn" = '396669' OR "asn" = '396674' OR "asn" = '396675' OR "asn" = '396677' OR "asn" = '396678' OR "asn" = '396681' OR "asn" = '396682' OR "asn" = '396683' OR "asn" = '396685' OR "asn" = '396686' OR "asn" = '396687' OR "asn" = '396688' OR "asn" = '396689' OR "asn" = '396690' OR "asn" = '396691' OR "asn" = '396692' OR "asn" = '396694' OR "asn" = '396695' OR "asn" = '396696' OR "asn" = '396700' OR "asn" = '396702' OR "asn" = '396704' OR "asn" = '396706' OR "asn" = '396707' OR "asn" = '396709' OR "asn" = '396710' OR "asn" = '396711' OR "asn" = '396712' OR "asn" = '396713' OR "asn" = '396714' OR "asn" = '396715' OR "asn" = '396717' OR "asn" = '396719' OR "asn" = '396721' OR "asn" = '396722' OR "asn" = '396723' OR "asn" = '396725' OR "asn" = '396726' OR "asn" = '396727' OR "asn" = '396728' OR "asn" = '396729' OR "asn" = '396733' OR "asn" = '396735' OR "asn" = '396737' OR "asn" = '396738' OR "asn" = '396739' OR "asn" = '396740' OR "asn" = '396741' OR "asn" = '396743' OR "asn" = '396744' OR "asn" = '396745' OR "asn" = '396746' OR "asn" = '396747' OR "asn" = '396748' OR "asn" = '396749' OR "asn" = '396751' OR "asn" = '396752' OR "asn" = '396758' OR "asn" = '396759' OR "asn" = '396760' OR "asn" = '396761' OR "asn" = '396764' OR "asn" = '396765' OR "asn" = '396766' OR "asn" = '396826' OR "asn" = '396827' OR "asn" = '396828' OR "asn" = '396837' OR "asn" = '396842' OR "asn" = '396850' OR "asn" = '396892' OR "asn" = '396926' OR "asn" = '396939' OR "asn" = '396947' OR "asn" = '396955' OR "asn" = '396961' OR "asn" = '397029' OR "asn" = '397066' OR "asn" = '397087' OR "asn" = '397097' OR "asn" = '397112' OR "asn" = '397132' OR "asn" = '397135' OR "asn" = '397171' OR "asn" = '397193' OR "asn" = '397194' OR "asn" = '397195' OR "asn" = '397196' OR "asn" = '397197' OR "asn" = '397198' OR "asn" = '397199' OR "asn" = '397200' OR "asn" = '397201' OR "asn" = '397202' OR "asn" = '397203' OR "asn" = '397204' OR "asn" = '397205' OR "asn" = '397206' OR "asn" = '397207' OR "asn" = '397208' OR "asn" = '397209' OR "asn" = '397210' OR "asn" = '397211' OR "asn" = '397212' OR "asn" = '397246' OR "asn" = '397289' OR "asn" = '397315' OR "asn" = '397331' OR "asn" = '397342' OR "asn" = '397348' OR "asn" = '397427' OR "asn" = '397498' OR "asn" = '397501' OR "asn" = '397511' OR "asn" = '397534' OR "asn" = '397535' OR "asn" = '397546' OR "asn" = '397646' OR "asn" = '397680' OR "asn" = '397716' OR "asn" = '397720' OR "asn" = '397721' OR "asn" = '397797' OR "asn" = '397830' OR "asn" = '397886' OR "asn" = '397909' OR "asn" = '397913' OR "asn" = '397940' OR "asn" = '397995' OR "asn" = '398034' OR "asn" = '398058' OR "asn" = '398060' OR "asn" = '398081' OR "asn" = '398119' OR "asn" = '398130' OR "asn" = '398162' OR "asn" = '398434' OR "asn" = '398440' OR "asn" = '398441' OR "asn" = '398443' OR "asn" = '398449' OR "asn" = '398451' OR "asn" = '398455' OR "asn" = '398470' OR "asn" = '398471' OR "asn" = '398537' OR "asn" = '398550' OR "asn" = '398551' OR "asn" = '398558' OR "asn" = '398564' OR "asn" = '398573' OR "asn" = '398580' OR "asn" = '398643' OR "asn" = '398655' OR "asn" = '398663' OR "asn" = '398751' OR "asn" = '398774' OR "asn" = '398802' OR "asn" = '398813' OR "asn" = '398829' OR "asn" = '398845' OR "asn" = '398846' OR "asn" = '398850' OR "asn" = '398870' OR "asn" = '398900' OR "asn" = '398914' OR "asn" = '398927' OR "asn" = '398940' OR "asn" = '398963' OR "asn" = '398981' OR "asn" = '399050' OR "asn" = '399102' OR "asn" = '399118' OR "asn" = '399193' OR "asn" = '399315' OR "asn" = '399346' OR "asn" = '399407' OR "asn" = '39941' OR "asn" = '399427' OR "asn" = '399445' OR "asn" = '399556' OR "asn" = '399565' OR "asn" = '399569' OR "asn" = '399574' OR "asn" = '399657' OR "asn" = '399691' OR "asn" = '399697' OR "asn" = '399708' OR "asn" = '399855' OR "asn" = '399856' OR "asn" = '3999' OR "asn" = '39990' OR "asn" = '399909' OR "asn" = '399999' OR "asn" = '4' OR "asn" = '40001' OR "asn" = '400077' OR "asn" = '400117' OR "asn" = '400224' OR "asn" = '400233' OR "asn" = '400238' OR "asn" = '400285' OR "asn" = '40038' OR "asn" = '400397' OR "asn" = '40043' OR "asn" = '40044' OR "asn" = '400452' OR "asn" = '400552' OR "asn" = '400610' OR "asn" = '400632' OR "asn" = '400639' OR "asn" = '400643' OR "asn" = '400653' OR "asn" = '400685' OR "asn" = '40078' OR "asn" = '400896' OR "asn" = '400927' OR "asn" = '400943' OR "asn" = '400959' OR "asn" = '401015' OR "asn" = '401062' OR "asn" = '40109' OR "asn" = '401124' OR "asn" = '401264' OR "asn" = '40127' OR "asn" = '401290' OR "asn" = '401317' OR "asn" = '40148' OR "asn" = '40149' OR "asn" = '401492' OR "asn" = '40151' OR "asn" = '40157' OR "asn" = '4016' OR "asn" = '401675' OR "asn" = '40189' OR "asn" = '40194' OR "asn" = '401997' OR "asn" = '40204' OR "asn" = '40220' OR "asn" = '40240' OR "asn" = '40245' OR "asn" = '40246' OR "asn" = '40252' OR "asn" = '40272' OR "asn" = '40326' OR "asn" = '40347' OR "asn" = '40382' OR "asn" = '40387' OR "asn" = '40421' OR "asn" = '4046' OR "asn" = '40486' OR "asn" = '40497' OR "asn" = '40498' OR "asn" = '40523' OR "asn" = '40553' OR "asn" = '40581' OR "asn" = '40586' OR "asn" = '40591' OR "asn" = '40623' OR "asn" = '40628' OR "asn" = '40645' OR "asn" = '40647' OR "asn" = '40661' OR "asn" = '40710' OR "asn" = '40716' OR "asn" = '40717' OR "asn" = '40732' OR "asn" = '40735' OR "asn" = '40812' OR "asn" = '40831' OR "asn" = '4130' OR "asn" = '4172' OR "asn" = '4190' OR "asn" = '4193' OR "asn" = '4201' OR "asn" = '4246' OR "asn" = '4310' OR "asn" = '4385' OR "asn" = '4511' OR "asn" = '45131' OR "asn" = '45138' OR "asn" = '4514' OR "asn" = '4557' OR "asn" = '45787' OR "asn" = '46' OR "asn" = '4600' OR "asn" = '46093' OR "asn" = '46101' OR "asn" = '46103' OR "asn" = '46115' OR "asn" = '46119' OR "asn" = '46141' OR "asn" = '46149' OR "asn" = '46158' OR "asn" = '46159' OR "asn" = '46241' OR "asn" = '46255' OR "asn" = '46258' OR "asn" = '46266' OR "asn" = '46274' OR "asn" = '46276' OR "asn" = '46286' OR "asn" = '46290' OR "asn" = '46310' OR "asn" = '46335' OR "asn" = '46357' OR "asn" = '46379' OR "asn" = '46400' OR "asn" = '46414' OR "asn" = '46425' OR "asn" = '46435' OR "asn" = '46451' OR "asn" = '46457' OR "asn" = '46470' OR "asn" = '46476' OR "asn" = '46491' OR "asn" = '46512' OR "asn" = '46515' OR "asn" = '46543' OR "asn" = '46563' OR "asn" = '46616' OR "asn" = '46621' OR "asn" = '46662' OR "asn" = '4667' OR "asn" = '46701' OR "asn" = '46722' OR "asn" = '46725' OR "asn" = '46743' OR "asn" = '46744' OR "asn" = '46745' OR "asn" = '46749' OR "asn" = '46750' OR "asn" = '46755' OR "asn" = '46788' OR "asn" = '46794' OR "asn" = '46821' OR "asn" = '46830' OR "asn" = '46832' OR "asn" = '46867' OR "asn" = '46905' OR "asn" = '46924' OR "asn" = '46930' OR "asn" = '46957' OR "asn" = '46963' OR "asn" = '46964' OR "asn" = '46970' OR "asn" = '46985' OR "asn" = '47' OR "asn" = '47003' OR "asn" = '47015' OR "asn" = '47064' OR "asn" = '47065' OR "asn" = '4869' OR "asn" = '49' OR "asn" = '4901' OR "asn" = '4922' OR "asn" = '4954' OR "asn" = '50' OR "asn" = '5050' OR "asn" = '5078' OR "asn" = '5090' OR "asn" = '5108' OR "asn" = '52' OR "asn" = '52703' OR "asn" = '52888' OR "asn" = '52992' OR "asn" = '53164' OR "asn" = '53187' OR "asn" = '53262' OR "asn" = '53263' OR "asn" = '53302' OR "asn" = '53317' OR "asn" = '53355' OR "asn" = '53357' OR "asn" = '53368' OR "asn" = '53372' OR "asn" = '53384' OR "asn" = '53413' OR "asn" = '53446' OR "asn" = '53450' OR "asn" = '53472' OR "asn" = '53568' OR "asn" = '53577' OR "asn" = '53599' OR "asn" = '53604' OR "asn" = '53642' OR "asn" = '53643' OR "asn" = '53684' OR "asn" = '53695' OR "asn" = '53713' OR "asn" = '53777' OR "asn" = '53785' OR "asn" = '53809' OR "asn" = '53940' OR "asn" = '54027' OR "asn" = '54032' OR "asn" = '54048' OR "asn" = '54060' OR "asn" = '54072' OR "asn" = '54084' OR "asn" = '54177' OR "asn" = '54179' OR "asn" = '54192' OR "asn" = '54195' OR "asn" = '54214' OR "asn" = '54249' OR "asn" = '54257' OR "asn" = '54261' OR "asn" = '54294' OR "asn" = '54311' OR "asn" = '54360' OR "asn" = '54367' OR "asn" = '54393' OR "asn" = '54421' OR "asn" = '54436' OR "asn" = '54529' OR "asn" = '54531' OR "asn" = '54596' OR "asn" = '54617' OR "asn" = '54640' OR "asn" = '54669' OR "asn" = '54700' OR "asn" = '54722' OR "asn" = '54794' OR "asn" = '54862' OR "asn" = '54933' OR "asn" = '54950' OR "asn" = '54965' OR "asn" = '54973' OR "asn" = '55' OR "asn" = '55032' OR "asn" = '55111' OR "asn" = '55128' OR "asn" = '55133' OR "asn" = '55194' OR "asn" = '55209' OR "asn" = '55260' OR "asn" = '55268' OR "asn" = '55282' OR "asn" = '55291' OR "asn" = '55485' OR "asn" = '55524' OR "asn" = '557' OR "asn" = '55702' OR "asn" = '55746' OR "asn" = '55747' OR "asn" = '56200' OR "asn" = '5653' OR "asn" = '5655' OR "asn" = '5661' OR "asn" = '567' OR "asn" = '57' OR "asn" = '5707' OR "asn" = '5719' OR "asn" = '5723' OR "asn" = '5724' OR "asn" = '5726' OR "asn" = '5736' OR "asn" = '5739' OR "asn" = '5743' OR "asn" = '5744' OR "asn" = '5783' OR "asn" = '5786' OR "asn" = '5794' OR "asn" = '589' OR "asn" = '59' OR "asn" = '600' OR "asn" = '6056' OR "asn" = '6059' OR "asn" = '6062' OR "asn" = '6074' OR "asn" = '6099' OR "asn" = '6106' OR "asn" = '6112' OR "asn" = '6122' OR "asn" = '6124' OR "asn" = '6150' OR "asn" = '61574' OR "asn" = '61575' OR "asn" = '61576' OR "asn" = '6172' OR "asn" = '6189' OR "asn" = '6192' OR "asn" = '6200' OR "asn" = '62474' OR "asn" = '62532' OR "asn" = '62548' OR "asn" = '62552' OR "asn" = '62581' OR "asn" = '62600' OR "asn" = '62618' OR "asn" = '6263' OR "asn" = '62636' OR "asn" = '62671' OR "asn" = '62676' OR "asn" = '62724' OR "asn" = '62736' OR "asn" = '62775' OR "asn" = '62810' OR "asn" = '62894' OR "asn" = '62912' OR "asn" = '62924' OR "asn" = '62932' OR "asn" = '62984' OR "asn" = '62988' OR "asn" = '62989' OR "asn" = '63' OR "asn" = '63056' OR "asn" = '63109' OR "asn" = '63130' OR "asn" = '63154' OR "asn" = '63165' OR "asn" = '6325' OR "asn" = '63256' OR "asn" = '63264' OR "asn" = '63276' OR "asn" = '63392' OR "asn" = '63398' OR "asn" = '63435' OR "asn" = '63472' OR "asn" = '6356' OR "asn" = '6360' OR "asn" = '6362' OR "asn" = '6366' OR "asn" = '6377' OR "asn" = '64243' OR "asn" = '64247' OR "asn" = '64248' OR "asn" = '64251' OR "asn" = '64283' OR "asn" = '64286' OR "asn" = '6461' OR "asn" = '6492' OR "asn" = '65' OR "asn" = '65023' OR "asn" = '6510' OR "asn" = '6522' OR "asn" = '65429' OR "asn" = '65500' OR "asn" = '6559' OR "asn" = '6598' OR "asn" = '6628' OR "asn" = '6629' OR "asn" = '6652' OR "asn" = '668' OR "asn" = '675' OR "asn" = '681' OR "asn" = '683' OR "asn" = '69' OR "asn" = '6922' OR "asn" = '693' OR "asn" = '6932' OR "asn" = '698' OR "asn" = '70' OR "asn" = '7050' OR "asn" = '71' OR "asn" = '7119' OR "asn" = '7150' OR "asn" = '7202' OR "asn" = '7212' OR "asn" = '7276' OR "asn" = '73' OR "asn" = '7328' OR "asn" = '7342' OR "asn" = '7377' OR "asn" = '7386' OR "asn" = '7396' OR "asn" = '7397' OR "asn" = '7412' OR "asn" = '7500' OR "asn" = '77' OR "asn" = '7774' OR "asn" = '7896' OR "asn" = '7915' OR "asn" = '7925' OR "asn" = '7939' OR "asn" = '7941' OR "asn" = '7960' OR "asn" = '7968' OR "asn" = '7973' OR "asn" = '8' OR "asn" = '8036' OR "asn" = '8067' OR "asn" = '81' OR "asn" = '8122' OR "asn" = '8135' OR "asn" = '8148' OR "asn" = '85' OR "asn" = '87' OR "asn" = '88' OR "asn" = '9' OR "asn" = '91' OR "asn" = '92' OR "asn" = '9431' OR "asn" = '9432' OR "asn" = '9433' OR "asn" = '9483' OR "asn" = '986'
AS20413:AS-ALL,"asn" = '14020' OR "asn" = '20413' OR "asn" = '394258' OR "asn" = '46224' OR "asn" = '54481' OR "asn" = '62718' OR "asn" = '63154'
AS26076:AS-CONE,"asn" = '13785' OR "asn" = '13931' OR "asn" = '14529' OR "asn" = '19576' OR "asn" = '21690' OR "asn" = '26076' OR "asn" = '46181'
AS3630:AS-ALL,"asn" = '11452' OR "asn" = '11872' OR "asn" = '12' OR "asn" = '1204' OR "asn" = '1289' OR "asn" = '13513' OR "asn" = '13972' OR "asn" = '14' OR "asn" = '14433' OR "asn" = '16813' OR "asn" = '17324' OR "asn" = '18564' OR "asn" = '18948' OR "asn" = '19933' OR "asn" = '2' OR "asn" = '20' OR "asn" = '20252' OR "asn" = '22174' OR "asn" = '22990' OR "asn" = '23171' OR "asn" = '23191' OR "asn" = '25935' OR "asn" = '26' OR "asn" = '26462' OR "asn" = '27219' OR "asn" = '27616' OR "asn" = '2903' OR "asn" = '30255' OR "asn" = '30703' OR "asn" = '31822' OR "asn" = '32136' OR "asn" = '32360' OR "asn" = '32531' OR "asn" = '33153' OR "asn" = '33434' OR "asn" = '33703' OR "asn" = '34' OR "asn" = '3629' OR "asn" = '3630' OR "asn" = '36427' OR "asn" = '3685' OR "asn" = '3756' OR "asn" = '394666' OR "asn" = '395014' OR "asn" = '395534' OR "asn" = '395549' OR "asn" = '396485' OR "asn" = '397066' OR "asn" = '398914' OR "asn" = '399697' OR "asn" = '399856' OR "asn" = '400397' OR "asn" = '401124' OR "asn" = '401675' OR "asn" = '4190' OR "asn" = '4385' OR "asn" = '46158' OR "asn" = '46379' OR "asn" = '46470' OR "asn" = '46621' OR "asn" = '46821' OR "asn" = '54177' OR "asn" = '54294' OR "asn" = '54965' OR "asn" = '55282' OR "asn" = '5719' OR "asn" = '6074' OR "asn" = '6124' OR "asn" = '62810' OR "asn" = '63256' OR "asn" = '91' OR "asn" = '92'
